{"us-highway_1":{"width":23,"height":23,"x":0,"y":0,"pixelRatio":1.0,"sdf":true},"us-highway_2":{"width":23,"height":23,"x":23,"y":0,"pixelRatio":1.0,"sdf":true},"us-highway_3":{"width":27,"height":23,"x":0,"y":23,"pixelRatio":1.0,"sdf":true},"us-interstate_1":{"width":23,"height":23,"x":46,"y":0,"pixelRatio":1.0,"sdf":true},"us-interstate_2":{"width":23,"height":23,"x":69,"y":0,"pixelRatio":1.0,"sdf":true},"us-interstate_3":{"width":27,"height":23,"x":27,"y":23,"pixelRatio":1.0,"sdf":true},"us-interstate_4":{"width":29,"height":22,"x":54,"y":23,"pixelRatio":1.0,"sdf":true},"us-interstate_5":{"width":34,"height":22,"x":0,"y":46,"pixelRatio":1.0,"sdf":true},"aerialway":{"width":21,"height":21,"x":34,"y":46,"pixelRatio":1.0,"sdf":true},"airfield":{"width":21,"height":21,"x":55,"y":46,"pixelRatio":1.0,"sdf":true},"airport":{"width":21,"height":21,"x":0,"y":68,"pixelRatio":1.0,"sdf":true},"alcohol_shop":{"width":21,"height":21,"x":21,"y":68,"pixelRatio":1.0,"sdf":true},"american_football":{"width":21,"height":21,"x":42,"y":68,"pixelRatio":1.0,"sdf":true},"animal_shelter":{"width":21,"height":21,"x":63,"y":68,"pixelRatio":1.0,"sdf":true},"aquarium":{"width":21,"height":21,"x":84,"y":68,"pixelRatio":1.0,"sdf":true},"art_gallery":{"width":21,"height":21,"x":105,"y":68,"pixelRatio":1.0,"sdf":true},"atm":{"width":21,"height":21,"x":126,"y":68,"pixelRatio":1.0,"sdf":true},"attraction":{"width":21,"height":21,"x":147,"y":68,"pixelRatio":1.0,"sdf":true},"bakery":{"width":21,"height":21,"x":76,"y":46,"pixelRatio":1.0,"sdf":true},"bank":{"width":21,"height":21,"x":97,"y":46,"pixelRatio":1.0,"sdf":true},"bar":{"width":21,"height":21,"x":118,"y":46,"pixelRatio":1.0,"sdf":true},"barrier":{"width":21,"height":21,"x":139,"y":46,"pixelRatio":1.0,"sdf":true},"baseball":{"width":21,"height":21,"x":160,"y":46,"pixelRatio":1.0,"sdf":true},"basketball":{"width":21,"height":21,"x":92,"y":0,"pixelRatio":1.0,"sdf":true},"bbq":{"width":21,"height":21,"x":113,"y":0,"pixelRatio":1.0,"sdf":true},"beach":{"width":21,"height":21,"x":134,"y":0,"pixelRatio":1.0,"sdf":true},"beer":{"width":21,"height":21,"x":155,"y":0,"pixelRatio":1.0,"sdf":true},"bicycle":{"width":21,"height":21,"x":83,"y":23,"pixelRatio":1.0,"sdf":true},"bicycle_parking":{"width":21,"height":21,"x":104,"y":23,"pixelRatio":1.0,"sdf":true},"bicycle_rental":{"width":21,"height":21,"x":125,"y":23,"pixelRatio":1.0,"sdf":true},"bicycle_share":{"width":21,"height":21,"x":146,"y":23,"pixelRatio":1.0,"sdf":true},"billiards":{"width":21,"height":21,"x":0,"y":89,"pixelRatio":1.0,"sdf":true},"board":{"width":21,"height":21,"x":21,"y":89,"pixelRatio":1.0,"sdf":true},"bollard":{"width":21,"height":21,"x":42,"y":89,"pixelRatio":1.0,"sdf":true},"bowling":{"width":21,"height":21,"x":63,"y":89,"pixelRatio":1.0,"sdf":true},"buddhist":{"width":21,"height":21,"x":84,"y":89,"pixelRatio":1.0,"sdf":true},"building":{"width":21,"height":21,"x":105,"y":89,"pixelRatio":1.0,"sdf":true},"bulldozer":{"width":21,"height":21,"x":126,"y":89,"pixelRatio":1.0,"sdf":true},"bus_guided":{"width":21,"height":21,"x":147,"y":89,"pixelRatio":1.0,"sdf":true},"bus_stop":{"width":21,"height":21,"x":0,"y":110,"pixelRatio":1.0,"sdf":true},"bus_trolley":{"width":21,"height":21,"x":21,"y":110,"pixelRatio":1.0,"sdf":true},"butcher":{"width":21,"height":21,"x":42,"y":110,"pixelRatio":1.0,"sdf":true},"cafe":{"width":21,"height":21,"x":63,"y":110,"pixelRatio":1.0,"sdf":true},"camper_trailer":{"width":21,"height":21,"x":84,"y":110,"pixelRatio":1.0,"sdf":true},"campfire":{"width":21,"height":21,"x":105,"y":110,"pixelRatio":1.0,"sdf":true},"campsite":{"width":21,"height":21,"x":126,"y":110,"pixelRatio":1.0,"sdf":true},"car":{"width":21,"height":21,"x":147,"y":110,"pixelRatio":1.0,"sdf":true},"car_rental":{"width":21,"height":21,"x":0,"y":131,"pixelRatio":1.0,"sdf":true},"car_repair":{"width":21,"height":21,"x":21,"y":131,"pixelRatio":1.0,"sdf":true},"casino":{"width":21,"height":21,"x":42,"y":131,"pixelRatio":1.0,"sdf":true},"castle":{"width":21,"height":21,"x":63,"y":131,"pixelRatio":1.0,"sdf":true},"caution":{"width":21,"height":21,"x":84,"y":131,"pixelRatio":1.0,"sdf":true},"cemetery":{"width":21,"height":21,"x":105,"y":131,"pixelRatio":1.0,"sdf":true},"charging_station":{"width":21,"height":21,"x":126,"y":131,"pixelRatio":1.0,"sdf":true},"christian":{"width":21,"height":21,"x":147,"y":131,"pixelRatio":1.0,"sdf":true},"cinema":{"width":21,"height":21,"x":0,"y":152,"pixelRatio":1.0,"sdf":true},"circle":{"width":21,"height":21,"x":21,"y":152,"pixelRatio":1.0,"sdf":true},"circle-dot":{"width":21,"height":21,"x":42,"y":152,"pixelRatio":1.0,"sdf":true},"circle-stroke":{"width":21,"height":21,"x":63,"y":152,"pixelRatio":1.0,"sdf":true},"city":{"width":21,"height":21,"x":84,"y":152,"pixelRatio":1.0,"sdf":true},"clothing_store":{"width":21,"height":21,"x":105,"y":152,"pixelRatio":1.0,"sdf":true},"college":{"width":21,"height":21,"x":126,"y":152,"pixelRatio":1.0,"sdf":true},"commercial":{"width":21,"height":21,"x":147,"y":152,"pixelRatio":1.0,"sdf":true},"communications_tower":{"width":21,"height":21,"x":168,"y":68,"pixelRatio":1.0,"sdf":true},"confectionery":{"width":21,"height":21,"x":189,"y":68,"pixelRatio":1.0,"sdf":true},"construction":{"width":21,"height":21,"x":210,"y":68,"pixelRatio":1.0,"sdf":true},"convenience":{"width":21,"height":21,"x":231,"y":68,"pixelRatio":1.0,"sdf":true},"cricket":{"width":21,"height":21,"x":252,"y":68,"pixelRatio":1.0,"sdf":true},"cross":{"width":21,"height":21,"x":273,"y":68,"pixelRatio":1.0,"sdf":true},"cycle_barrier":{"width":21,"height":21,"x":294,"y":68,"pixelRatio":1.0,"sdf":true},"dam":{"width":21,"height":21,"x":315,"y":68,"pixelRatio":1.0,"sdf":true},"danger":{"width":21,"height":21,"x":336,"y":68,"pixelRatio":1.0,"sdf":true},"defibrillator":{"width":21,"height":21,"x":168,"y":89,"pixelRatio":1.0,"sdf":true},"dentist":{"width":21,"height":21,"x":189,"y":89,"pixelRatio":1.0,"sdf":true},"diamond":{"width":21,"height":21,"x":210,"y":89,"pixelRatio":1.0,"sdf":true},"diamond_stroked":{"width":21,"height":21,"x":231,"y":89,"pixelRatio":1.0,"sdf":true},"diplomatic":{"width":21,"height":21,"x":252,"y":89,"pixelRatio":1.0,"sdf":true},"doctors":{"width":21,"height":21,"x":273,"y":89,"pixelRatio":1.0,"sdf":true},"dog_park":{"width":21,"height":21,"x":294,"y":89,"pixelRatio":1.0,"sdf":true},"drinking_water":{"width":21,"height":21,"x":315,"y":89,"pixelRatio":1.0,"sdf":true},"elevator":{"width":21,"height":21,"x":336,"y":89,"pixelRatio":1.0,"sdf":true},"emergency_phone":{"width":21,"height":21,"x":168,"y":110,"pixelRatio":1.0,"sdf":true},"entrance":{"width":21,"height":21,"x":189,"y":110,"pixelRatio":1.0,"sdf":true},"farm":{"width":21,"height":21,"x":210,"y":110,"pixelRatio":1.0,"sdf":true},"fast_food":{"width":21,"height":21,"x":231,"y":110,"pixelRatio":1.0,"sdf":true},"fence":{"width":21,"height":21,"x":252,"y":110,"pixelRatio":1.0,"sdf":true},"ferry_terminal":{"width":21,"height":21,"x":273,"y":110,"pixelRatio":1.0,"sdf":true},"fire_station":{"width":21,"height":21,"x":294,"y":110,"pixelRatio":1.0,"sdf":true},"fitness_centre":{"width":21,"height":21,"x":315,"y":110,"pixelRatio":1.0,"sdf":true},"florist":{"width":21,"height":21,"x":336,"y":110,"pixelRatio":1.0,"sdf":true},"fountain":{"width":21,"height":21,"x":168,"y":131,"pixelRatio":1.0,"sdf":true},"fuel":{"width":21,"height":21,"x":189,"y":131,"pixelRatio":1.0,"sdf":true},"furniture":{"width":21,"height":21,"x":210,"y":131,"pixelRatio":1.0,"sdf":true},"gaming":{"width":21,"height":21,"x":231,"y":131,"pixelRatio":1.0,"sdf":true},"garden":{"width":21,"height":21,"x":252,"y":131,"pixelRatio":1.0,"sdf":true},"garden_centre":{"width":21,"height":21,"x":273,"y":131,"pixelRatio":1.0,"sdf":true},"gate":{"width":21,"height":21,"x":294,"y":131,"pixelRatio":1.0,"sdf":true},"gift":{"width":21,"height":21,"x":315,"y":131,"pixelRatio":1.0,"sdf":true},"globe":{"width":21,"height":21,"x":336,"y":131,"pixelRatio":1.0,"sdf":true},"golf":{"width":21,"height":21,"x":168,"y":152,"pixelRatio":1.0,"sdf":true},"gondola":{"width":21,"height":21,"x":189,"y":152,"pixelRatio":1.0,"sdf":true},"grocery":{"width":21,"height":21,"x":210,"y":152,"pixelRatio":1.0,"sdf":true},"guidepost":{"width":21,"height":21,"x":231,"y":152,"pixelRatio":1.0,"sdf":true},"hairdresser":{"width":21,"height":21,"x":252,"y":152,"pixelRatio":1.0,"sdf":true},"harbor":{"width":21,"height":21,"x":273,"y":152,"pixelRatio":1.0,"sdf":true},"hardware":{"width":21,"height":21,"x":294,"y":152,"pixelRatio":1.0,"sdf":true},"heart":{"width":21,"height":21,"x":315,"y":152,"pixelRatio":1.0,"sdf":true},"heliport":{"width":21,"height":21,"x":336,"y":152,"pixelRatio":1.0,"sdf":true},"highway_rest_area":{"width":21,"height":21,"x":181,"y":46,"pixelRatio":1.0,"sdf":true},"hinduist":{"width":21,"height":21,"x":202,"y":46,"pixelRatio":1.0,"sdf":true},"historic":{"width":21,"height":21,"x":223,"y":46,"pixelRatio":1.0,"sdf":true},"home":{"width":21,"height":21,"x":244,"y":46,"pixelRatio":1.0,"sdf":true},"horse_riding":{"width":21,"height":21,"x":265,"y":46,"pixelRatio":1.0,"sdf":true},"hospital":{"width":21,"height":21,"x":286,"y":46,"pixelRatio":1.0,"sdf":true},"hot_spring":{"width":21,"height":21,"x":307,"y":46,"pixelRatio":1.0,"sdf":true},"ice_cream":{"width":21,"height":21,"x":328,"y":46,"pixelRatio":1.0,"sdf":true},"industry":{"width":21,"height":21,"x":176,"y":0,"pixelRatio":1.0,"sdf":true},"information":{"width":21,"height":21,"x":197,"y":0,"pixelRatio":1.0,"sdf":true},"jewelry":{"width":21,"height":21,"x":218,"y":0,"pixelRatio":1.0,"sdf":true},"jewish":{"width":21,"height":21,"x":239,"y":0,"pixelRatio":1.0,"sdf":true},"karaoke":{"width":21,"height":21,"x":260,"y":0,"pixelRatio":1.0,"sdf":true},"landmark":{"width":21,"height":21,"x":281,"y":0,"pixelRatio":1.0,"sdf":true},"laundry":{"width":21,"height":21,"x":302,"y":0,"pixelRatio":1.0,"sdf":true},"library":{"width":21,"height":21,"x":323,"y":0,"pixelRatio":1.0,"sdf":true},"lift_gate":{"width":21,"height":21,"x":344,"y":0,"pixelRatio":1.0,"sdf":true},"light_rail":{"width":21,"height":21,"x":167,"y":23,"pixelRatio":1.0,"sdf":true},"lighthouse":{"width":21,"height":21,"x":188,"y":23,"pixelRatio":1.0,"sdf":true},"lodging":{"width":21,"height":21,"x":209,"y":23,"pixelRatio":1.0,"sdf":true},"marker":{"width":21,"height":21,"x":251,"y":23,"pixelRatio":1.0,"sdf":true},"marker_stroked":{"width":21,"height":21,"x":272,"y":23,"pixelRatio":1.0,"sdf":true},"mobile_phone":{"width":21,"height":21,"x":293,"y":23,"pixelRatio":1.0,"sdf":true},"monorail":{"width":21,"height":21,"x":314,"y":23,"pixelRatio":1.0,"sdf":true},"monument":{"width":21,"height":21,"x":335,"y":23,"pixelRatio":1.0,"sdf":true},"motorcycle":{"width":21,"height":21,"x":0,"y":173,"pixelRatio":1.0,"sdf":true},"motorcycle_parking":{"width":21,"height":21,"x":21,"y":173,"pixelRatio":1.0,"sdf":true},"motorcycle_rental":{"width":21,"height":21,"x":42,"y":173,"pixelRatio":1.0,"sdf":true},"motorcycle_repair":{"width":21,"height":21,"x":63,"y":173,"pixelRatio":1.0,"sdf":true},"museum":{"width":21,"height":21,"x":84,"y":173,"pixelRatio":1.0,"sdf":true},"music":{"width":21,"height":21,"x":105,"y":173,"pixelRatio":1.0,"sdf":true},"muslim":{"width":21,"height":21,"x":126,"y":173,"pixelRatio":1.0,"sdf":true},"natural":{"width":21,"height":21,"x":147,"y":173,"pixelRatio":1.0,"sdf":true},"noodle":{"width":21,"height":21,"x":168,"y":173,"pixelRatio":1.0,"sdf":true},"obelisk":{"width":21,"height":21,"x":189,"y":173,"pixelRatio":1.0,"sdf":true},"observation_tower":{"width":21,"height":21,"x":210,"y":173,"pixelRatio":1.0,"sdf":true},"oneway":{"width":21,"height":21,"x":231,"y":173,"pixelRatio":1.0,"sdf":true},"optician":{"width":21,"height":21,"x":252,"y":173,"pixelRatio":1.0,"sdf":true},"outdoor":{"width":21,"height":21,"x":273,"y":173,"pixelRatio":1.0,"sdf":true},"paint":{"width":21,"height":21,"x":294,"y":173,"pixelRatio":1.0,"sdf":true},"park":{"width":21,"height":21,"x":315,"y":173,"pixelRatio":1.0,"sdf":true},"parking":{"width":21,"height":21,"x":336,"y":173,"pixelRatio":1.0,"sdf":true},"parking_garage":{"width":21,"height":21,"x":0,"y":194,"pixelRatio":1.0,"sdf":true},"parking_paid":{"width":21,"height":21,"x":21,"y":194,"pixelRatio":1.0,"sdf":true},"peak":{"width":21,"height":21,"x":42,"y":194,"pixelRatio":1.0,"sdf":true},"perfumery":{"width":21,"height":21,"x":63,"y":194,"pixelRatio":1.0,"sdf":true},"pharmacy":{"width":21,"height":21,"x":84,"y":194,"pixelRatio":1.0,"sdf":true},"picnic_site":{"width":21,"height":21,"x":105,"y":194,"pixelRatio":1.0,"sdf":true},"pin":{"width":21,"height":21,"x":126,"y":194,"pixelRatio":1.0,"sdf":true},"pipe":{"width":21,"height":21,"x":147,"y":194,"pixelRatio":1.0,"sdf":true},"pitch":{"width":21,"height":21,"x":168,"y":194,"pixelRatio":1.0,"sdf":true},"pizza":{"width":21,"height":21,"x":189,"y":194,"pixelRatio":1.0,"sdf":true},"place_of_worship":{"width":21,"height":21,"x":210,"y":194,"pixelRatio":1.0,"sdf":true},"playground":{"width":21,"height":21,"x":231,"y":194,"pixelRatio":1.0,"sdf":true},"police":{"width":21,"height":21,"x":252,"y":194,"pixelRatio":1.0,"sdf":true},"post":{"width":21,"height":21,"x":273,"y":194,"pixelRatio":1.0,"sdf":true},"prison":{"width":21,"height":21,"x":294,"y":194,"pixelRatio":1.0,"sdf":true},"racetrack":{"width":21,"height":21,"x":315,"y":194,"pixelRatio":1.0,"sdf":true},"radiation":{"width":21,"height":21,"x":336,"y":194,"pixelRatio":1.0,"sdf":true},"railway":{"width":21,"height":21,"x":0,"y":215,"pixelRatio":1.0,"sdf":true},"ranger_station":{"width":21,"height":21,"x":21,"y":215,"pixelRatio":1.0,"sdf":true},"recycling":{"width":21,"height":21,"x":42,"y":215,"pixelRatio":1.0,"sdf":true},"restaurant":{"width":21,"height":21,"x":63,"y":215,"pixelRatio":1.0,"sdf":true},"road_accident":{"width":21,"height":21,"x":84,"y":215,"pixelRatio":1.0,"sdf":true},"roadblock":{"width":21,"height":21,"x":105,"y":215,"pixelRatio":1.0,"sdf":true},"rocket":{"width":21,"height":21,"x":126,"y":215,"pixelRatio":1.0,"sdf":true},"school":{"width":21,"height":21,"x":147,"y":215,"pixelRatio":1.0,"sdf":true},"school_bus":{"width":21,"height":21,"x":168,"y":215,"pixelRatio":1.0,"sdf":true},"scooter":{"width":21,"height":21,"x":189,"y":215,"pixelRatio":1.0,"sdf":true},"sculpture":{"width":21,"height":21,"x":210,"y":215,"pixelRatio":1.0,"sdf":true},"seafood":{"width":21,"height":21,"x":231,"y":215,"pixelRatio":1.0,"sdf":true},"shinto":{"width":21,"height":21,"x":252,"y":215,"pixelRatio":1.0,"sdf":true},"shoes":{"width":21,"height":21,"x":273,"y":215,"pixelRatio":1.0,"sdf":true},"shop":{"width":21,"height":21,"x":294,"y":215,"pixelRatio":1.0,"sdf":true},"sikh":{"width":21,"height":21,"x":315,"y":215,"pixelRatio":1.0,"sdf":true},"skateboard":{"width":21,"height":21,"x":336,"y":215,"pixelRatio":1.0,"sdf":true},"snow":{"width":21,"height":21,"x":0,"y":236,"pixelRatio":1.0,"sdf":true},"soccer":{"width":21,"height":21,"x":21,"y":236,"pixelRatio":1.0,"sdf":true},"spring":{"width":21,"height":21,"x":42,"y":236,"pixelRatio":1.0,"sdf":true},"stadium":{"width":21,"height":21,"x":63,"y":236,"pixelRatio":1.0,"sdf":true},"star":{"width":21,"height":21,"x":84,"y":236,"pixelRatio":1.0,"sdf":true},"star_stroked":{"width":21,"height":21,"x":105,"y":236,"pixelRatio":1.0,"sdf":true},"statue":{"width":21,"height":21,"x":126,"y":236,"pixelRatio":1.0,"sdf":true},"subway":{"width":21,"height":21,"x":147,"y":236,"pixelRatio":1.0,"sdf":true},"suitcase":{"width":21,"height":21,"x":168,"y":236,"pixelRatio":1.0,"sdf":true},"sushi":{"width":21,"height":21,"x":189,"y":236,"pixelRatio":1.0,"sdf":true},"swimming":{"width":21,"height":21,"x":210,"y":236,"pixelRatio":1.0,"sdf":true},"swimming_pool":{"width":21,"height":21,"x":231,"y":236,"pixelRatio":1.0,"sdf":true},"tako":{"width":21,"height":21,"x":252,"y":236,"pixelRatio":1.0,"sdf":true},"taoist":{"width":21,"height":21,"x":273,"y":236,"pixelRatio":1.0,"sdf":true},"taxi":{"width":21,"height":21,"x":294,"y":236,"pixelRatio":1.0,"sdf":true},"teahouse":{"width":21,"height":21,"x":315,"y":236,"pixelRatio":1.0,"sdf":true},"telephone":{"width":21,"height":21,"x":336,"y":236,"pixelRatio":1.0,"sdf":true},"tennis":{"width":21,"height":21,"x":0,"y":257,"pixelRatio":1.0,"sdf":true},"terminal":{"width":21,"height":21,"x":21,"y":257,"pixelRatio":1.0,"sdf":true},"theatre":{"width":21,"height":21,"x":42,"y":257,"pixelRatio":1.0,"sdf":true},"theme_park":{"width":21,"height":21,"x":63,"y":257,"pixelRatio":1.0,"sdf":true},"toilets":{"width":21,"height":21,"x":84,"y":257,"pixelRatio":1.0,"sdf":true},"toll":{"width":21,"height":21,"x":105,"y":257,"pixelRatio":1.0,"sdf":true},"town":{"width":21,"height":21,"x":126,"y":257,"pixelRatio":1.0,"sdf":true},"town_hall":{"width":21,"height":21,"x":147,"y":257,"pixelRatio":1.0,"sdf":true},"tram_stop":{"width":21,"height":21,"x":168,"y":257,"pixelRatio":1.0,"sdf":true},"tramway":{"width":21,"height":21,"x":189,"y":257,"pixelRatio":1.0,"sdf":true},"transit":{"width":21,"height":21,"x":210,"y":257,"pixelRatio":1.0,"sdf":true},"truck":{"width":21,"height":21,"x":231,"y":257,"pixelRatio":1.0,"sdf":true},"tunnel":{"width":21,"height":21,"x":252,"y":257,"pixelRatio":1.0,"sdf":true},"veterinary":{"width":21,"height":21,"x":273,"y":257,"pixelRatio":1.0,"sdf":true},"viewpoint":{"width":21,"height":21,"x":294,"y":257,"pixelRatio":1.0,"sdf":true},"village":{"width":21,"height":21,"x":315,"y":257,"pixelRatio":1.0,"sdf":true},"volcano":{"width":21,"height":21,"x":336,"y":257,"pixelRatio":1.0,"sdf":true},"volleyball":{"width":21,"height":21,"x":0,"y":278,"pixelRatio":1.0,"sdf":true},"warehouse":{"width":21,"height":21,"x":21,"y":278,"pixelRatio":1.0,"sdf":true},"waste_basket":{"width":21,"height":21,"x":42,"y":278,"pixelRatio":1.0,"sdf":true},"watches":{"width":21,"height":21,"x":63,"y":278,"pixelRatio":1.0,"sdf":true},"water":{"width":21,"height":21,"x":84,"y":278,"pixelRatio":1.0,"sdf":true},"water_park":{"width":21,"height":21,"x":105,"y":278,"pixelRatio":1.0,"sdf":true},"water_tower":{"width":21,"height":21,"x":126,"y":278,"pixelRatio":1.0,"sdf":true},"watermill":{"width":21,"height":21,"x":147,"y":278,"pixelRatio":1.0,"sdf":true},"wetland":{"width":21,"height":21,"x":168,"y":278,"pixelRatio":1.0,"sdf":true},"wheelchair":{"width":21,"height":21,"x":189,"y":278,"pixelRatio":1.0,"sdf":true},"windmill":{"width":21,"height":21,"x":210,"y":278,"pixelRatio":1.0,"sdf":true},"wine":{"width":21,"height":21,"x":231,"y":278,"pixelRatio":1.0,"sdf":true},"zoo":{"width":21,"height":21,"x":252,"y":278,"pixelRatio":1.0,"sdf":true},"road_1":{"width":20,"height":20,"x":273,"y":278,"pixelRatio":1.0,"sdf":true},"us-state_1":{"width":23,"height":20,"x":293,"y":278,"pixelRatio":1.0,"sdf":true},"us-state_2":{"width":28,"height":20,"x":316,"y":278,"pixelRatio":1.0,"sdf":true},"us-state_3":{"width":33,"height":20,"x":0,"y":299,"pixelRatio":1.0,"sdf":true},"us-state_4":{"width":38,"height":20,"x":33,"y":299,"pixelRatio":1.0,"sdf":true},"us-state_5":{"width":43,"height":20,"x":71,"y":299,"pixelRatio":1.0,"sdf":true},"us-state_6":{"width":48,"height":20,"x":114,"y":299,"pixelRatio":1.0,"sdf":true},"road_2":{"width":24,"height":19,"x":162,"y":299,"pixelRatio":1.0,"sdf":true},"road_3":{"width":30,"height":19,"x":186,"y":299,"pixelRatio":1.0,"sdf":true},"road_4":{"width":36,"height":19,"x":216,"y":299,"pixelRatio":1.0,"sdf":true},"road_5":{"width":40,"height":19,"x":252,"y":299,"pixelRatio":1.0,"sdf":true},"road_6":{"width":44,"height":19,"x":292,"y":299,"pixelRatio":1.0,"sdf":true},"golf_green":{"width":17,"height":17,"x":336,"y":299,"pixelRatio":1.0,"sdf":true},"hut":{"width":18,"height":16,"x":344,"y":278,"pixelRatio":1.0,"sdf":true},"shelter":{"width":18,"height":16,"x":349,"y":46,"pixelRatio":1.0,"sdf":true},"triangle":{"width":18,"height":16,"x":0,"y":319,"pixelRatio":1.0,"sdf":true},"triangle_stroked":{"width":17,"height":16,"x":18,"y":319,"pixelRatio":1.0,"sdf":true},"square":{"width":14,"height":14,"x":35,"y":319,"pixelRatio":1.0,"sdf":true},"square_stroked":{"width":14,"height":14,"x":49,"y":319,"pixelRatio":1.0,"sdf":true},"dot":{"width":13,"height":13,"x":63,"y":319,"pixelRatio":1.0,"sdf":true},"bench":{"width":17,"height":11,"x":76,"y":319,"pixelRatio":1.0,"sdf":true}}